first_name,last_name,gender,origin
Aarav,Sharma,Male,Indian
Priya,Patel,Female,Indian
James,Smith,Male,US
Sarah,Johnson,Female,US
Pierre,Dubois,Male,French
Marie,Martin,Female,French
Oliver,Thompson,Male,British
Emma,Williams,Female,British
Carlos,Rodriguez,Male,Latino
Sofia,Martinez,Female,Latino
Arjun,Gupta,Male,Indian
Kavya,Singh,Female,Indian
Michael,Brown,Male,US
Ashley,Davis,Female,US
Jean,Leroy,Male,French
Claire,Bernard,Female,French
Harry,Wilson,Male,British
Charlotte,Taylor,Female,British
Diego,Gonzalez,Male,Latino
Isabella,Lopez,Female,Latino
Rohan,Kumar,Male,Indian
Ananya,Reddy,Female,Indian
Robert,Miller,Male,US
Jessica,Wilson,Female,US
Antoine,Moreau,Male,French
Sophie,Petit,Female,French
George,Anderson,Male,British
Grace,Jackson,Male,British
Miguel,Hernandez,Male,Latino
Valentina,Garcia,Female,Latino
Vikram,Joshi,Male,Indian
Sneha,Agarwal,Female,Indian
David,Moore,Male,US
Amanda,Taylor,Female,US
Lucas,Roux,Male,French
Camille,Simon,Female,French
Thomas,White,Male,British
Lucy,Harris,Female,British
Eduardo,Ruiz,Male,Latino
Camila,Diaz,Female,Latino
Aditya,Verma,Male,Indian
Riya,Malhotra,Female,Indian
Christopher,Garcia,Male,US
Megan,Martinez,Female,US
Maxime,Fournier,Male,French
Lea,Michel,Female,French
William,Clark,Male,British
Olivia,Lewis,Female,British
Alejandro,Perez,Male,Latino
Lucia,Sanchez,Female,Latino
Karan,Chopra,Male,Indian
Pooja,Bhatia,Female,Indian
Matthew,Rodriguez,Male,US
Lauren,Anderson,Female,US
Julien,Garnier,Male,French
Manon,Rousseau,Female,French
Jack,Walker,Female,British
Amelia,Hall,Female,British
Rafael,Torres,Male,Latino
Elena,Ramirez,Female,Latino
Siddharth,Kapoor,Male,Indian
Meera,Saxena,Female,Indian
Andrew,Thomas,Male,US
Stephanie,Jackson,Female,US
Nicolas,Blanc,Male,French
Aurelie,Vincent,Female,French
Daniel,Green,Male,British
Sophie,King,Female,British
Javier,Flores,Male,Latino
Adriana,Castro,Female,Latino
Abhishek,Tiwari,Male,Indian
Shreya,Goyal,Female,Indian
Joshua,Lee,Male,US
Rachel,White,Female,US
Sebastien,Girard,Male,French
Elise,Andre,Female,French
James,Scott,Male,British
Isabella,Adams,Female,British
Fernando,Morales,Male,Latino
Natalia,Ortega,Female,Latino
Rahul,Sinha,Male,Indian
Divya,Bansal,Female,Indian
Ryan,Harris,Male,US
Nicole,Clark,Female,US
Fabien,Lemoine,Male,French
Noemie,Faure,Female,French
Alexander,Baker,Male,British
Hannah,Wright,Female,British
Antonio,Jimenez,Male,Latino
Gabriela,Vargas,Female,Latino
Nikhil,Pandey,Male,Indian
Ishika,Chandra,Female,Indian
Brandon,Lewis,Male,US
Samantha,Robinson,Female,US
Romain,Chevalier,Male,French
Chloe,Morel,Female,French
Benjamin,Phillips,Male,British
Chloe,Turner,Female,British
Mateo,Aguilar,Male,Latino
Valeria,Mendoza,Female,Latino
Aryan,Mittal,Male,Indian
Nisha,Jain,Female,Indian
Justin,Walker,Male,US
Brittany,Hall,Female,US
Adrien,Robin,Male,French
Mathilde,Mercier,Female,French
Samuel,Evans,Male,British
Emily,Parker,Female,British
Sergio,Gutierrez,Male,Latino
Paola,Reyes,Female,Latino
Harsh,Agrawal,Male,Indian
Tanvi,Kulkarni,Female,Indian
Kevin,Young,Male,US
Danielle,Allen,Female,US
Loic,Durand,Male,French
Juliette,Bonnet,Female,French
Matthew,Hughes,Male,British
Mia,Cooper,Female,British
Andres,Medina,Male,Latino
Carmen,Herrera,Female,Latino
Yash,Sharma,Male,Indian
Priyanka,Mishra,Female,Indian
Tyler,King,Male,US
Kayla,Scott,Female,US
Florian,Perrin,Male,French
Emma,Lefevre,Female,French
Luke,Wood,Male,British
Poppy,Bell,Female,British
Gabriel,Silva,Male,Latino
Daniela,Ramos,Female,Latino
Ashwin,Yadav,Male,Indian
Ritika,Bhatt,Female,Indian
Aaron,Wright,Male,US
Melissa,Green,Female,US
Valentin,Gautier,Male,French
Lola,Masson,Female,French
Noah,Roberts,Male,British
Lily,Richardson,Female,British
Roberto,Cabrera,Male,Latino
Monica,Guerrero,Female,Latino
Pranav,Sethi,Male,Indian
Sakshi,Nair,Female,Indian
Jordan,Adams,Male,US
Christina,Baker,Female,US
Hugo,Legrand,Male,French
Oceane,Sanchez,Female,French
Ethan,Davies,Male,British
Freya,Watson,Female,British
Ivan,Delgado,Male,Latino
Alejandra,Cruz,Female,Latino
Dev,Khanna,Male,Indian
Aditi,Soni,Female,Indian
Nathan,Nelson,Male,US
Michelle,Hill,Female,US
Theo,Philippe,Male,French
Ines,Giraud,Female,French
Connor,Campbell,Male,British
Zoe,Mitchell,Female,British
Oscar,Moreno,Male,Latino
Fernanda,Dominguez,Female,Latino
Aniket,Bhardwaj,Male,Indian
Shivani,Rawat,Female,Indian
Caleb,Flores,Male,US
Jasmine,Ramirez,Female,US
Quentin,Clement,Male,French
Sarah,Leclerc,Female,French
Jacob,Stewart,Male,British
Ruby,Morgan,Female,British
Emilio,Vega,Male,Latino
Beatriz,Romero,Female,Latino
Kartik,Goel,Male,Indian
Simran,Khurana,Female,Indian
Isaac,Torres,Male,US
Angela,Rivera,Female,US
Axel,Dufour,Male,French
Zoe,Barbier,Female,French
Lewis,Morris,Male,British
Jasmine,Reed,Female,British
Ricardo,Soto,Male,Latino
Mariana,Alvarez,Female,Latino
Ayush,Khanna,Male,Indian
Kritika,Anand,Female,Indian
Elijah,Cook,Male,US
Kimberly,Bailey,Female,US
Nathan,Moulin,Male,French
Lily,Henry,Female,French
Mason,Murphy,Male,British
Evie,Cox,Female,British
Joaquin,Guerrero,Male,Latino
Ximena,Jimenez,Female,Latino
Akshay,Mathur,Male,Indian
Avni,Khanna,Female,Indian
Liam,Cooper,Male,US
Destiny,Ward,Female,US
Killian,Caron,Male,French
Manon,Lacroix,Female,French
Ryan,Bailey,Male,British
Daisy,Ward,Female,British
Nicolas,Medina,Male,Latino
Catalina,Serrano,Female,Latino
Roshan,Khanna,Male,Indian
Muskan,Bhargava,Female,Indian
Xavier,Peterson,Male,US
Alexis,Gray,Female,US
Enzo,Marchand,Male,French
Lea,Bertrand,Female,French
Harvey,Price,Male,British
Scarlett,Barnes,Female,British
Matias,Herrera,Male,Latino
Ariana,Velasco,Female,Latino
Sumit,Shah,Male,Indian
Komal,Arora,Female,Indian
Adrian,Richardson,Male,US
Vanessa,Watson,Female,US
Tom,Gerard,Male,French
Margot,Reynaud,Female,French
Charlie,Brooks,Male,British
Millie,Graham,Female,British
Cristian,Vargas,Male,Latino
Dulce,Pena,Female,Latino
Shubham,Tandon,Male,Indian
Payal,Jindal,Female,Indian
Blake,Bryant,Male,US
Paige,Foster,Female,US
Mathis,Brunet,Male,French
Agathe,Poulain,Female,French
Freddie,Kennedy,Male,British
Phoebe,Palmer,Female,British
Bruno,Ramos,Male,Latino
Karina,Contreras,Female,Latino
Mohit,Bhatnagar,Male,Indian
Riya,Thakur,Female,Indian
Carlos,Wood,Male,US
Diana,James,Female,US
Esteban,Pereira,Male,French
Elsa,Noel,Female,French
Max,Fisher,Male,British
Matilda,Murray,Female,British
Sebastian,Leon,Male,Latino
Abril,Espinoza,Female,Latino
Gaurav,Bhatia,Male,Indian
Mansi,Garg,Female,Indian
Gavin,Russell,Male,US
Chloe,Powell,Female,US
Dorian,Berger,Male,French
Camille,Carpentier,Female,French
Joseph,Spencer,Male,British
Aria,Webb,Female,British
Fabian,Morales,Male,Latino
Victoria,Blanco,Female,Latino
Kunal,Dutta,Male,Indian
Sia,Chouhan,Female,Indian
Hunter,Long,Male,US
Sierra,Hughes,Female,US
Gael,Mathieu,Male,French
Ambre,Boyer,Female,French
Archie,Stone,Male,British
Esme,Hunt,Female,British
Damian,Rivera,Male,Latino
Renata,Mendez,Female,Latino
Ankit,Jha,Male,Indian
Prachi,Gupta,Female,Indian
Cole,Wood,Male,US
Miranda,Flores,Female,US
Thibault,Lemaire,Male,French
Romane,Martinez,Female,French
Oscar,Russell,Male,British
Isabelle,Fox,Female,British
Rodrigo,Castro,Male,Latino
Regina,Fuentes,Female,Latino
Sachin,Saxena,Male,Indian
Shreya,Saha,Female,Indian
Parker,Henderson,Male,US
Mia,Washington,Female,US
Bastien,Hubert,Male,French
Manon,Colin,Female,French
Louis,Hunter,Male,British
Grace,Robertson,Female,British
Felipe,Torres,Male,Latino
Andrea,Aguilar,Female,Latino
Ishan,Dixit,Male,Indian
Ritika,Varma,Female,Indian
Aiden,Butler,Male,US
Sydney,Coleman,Female,US
Enzo,Gautier,Male,French
Luna,Blanc,Female,French
Toby,Gibson,Male,British
Ellie,Simpson,Female,British
Emiliano,Rojas,Male,Latino
Jazmin,Silva,Female,Latino
Arun,Rajesh,Male,Indian
Diya,Bose,Female,Indian
Brayden,Jenkins,Male,US
Haley,Perry,Female,US
Lenny,Girard,Male,French
Josephine,Lebrun,Female,French
Finn,Abbott,Male,British
Imogen,Mason,Female,British
Lorenzo,Guerrero,Male,Latino
Luciana,Campos,Female,Latino
Nitin,Aggarwal,Male,Indian
Neha,Banerjee,Female,Indian
Tristan,Sanders,Male,US
Brooke,Ross,Female,US
Nolan,David,Male,French
Valentine,Remy,Female,French
Leon,Pearson,Female,British
Alice,Crawford,Female,British
Alexis,Nunez,Male,Latino
Alicia,Valencia,Female,Latino
Ravi,Rao,Male,Indian
Anjali,Bhatt,Female,Indian
Jaxon,Barnes,Male,US
Destiny,Kim,Female,US
Mael,Moreau,Male,French
Enora,Guillaume,Female,French
Harrison,Reid,Male,British
Rosie,Lawson,Female,British
Alonso,Paredes,Male,Latino
Esperanza,Sandoval,Female,Latino
Karthik,Iyer,Male,Indian
Radhika,Gupta,Female,Indian
Bryson,Cox,Male,US
Jasmine,Reed,Female,US
Victor,Benoit,Male,French
Amelia,Vasseur,Female,French
Felix,Hayes,Male,British
Maya,Freeman,Female,British
Ignacio,Cordova,Male,Latino
Estrella,Salazar,Female,Latino
Abhay,Srivastava,Male,Indian
Vaishali,Oberoi,Female,Indian
Landon,Pierce,Male,US
Sabrina,Howard,Female,US
Clement,Joly,Male,French
Capucine,Schneider,Female,French
Jamie,Palmer,Male,British
Lola,Fuller,Female,British
Esteban,Vargas,Male,Latino
Marisol,Acosta,Female,Latino
Varun,Kapur,Male,Indian
Tanya,Ghosh,Female,Indian
Easton,Ramos,Male,US
Leah,Diaz,Female,US
Noe,Prevost,Male,French
Apolline,Weber,Female,French
Jude,Grant,Male,British
Evelyn,Shaw,Female,British
Thiago,Santana,Male,Latino
Jimena,Lara,Female,Latino
Aakash,Tripathi,Male,Indian
Swati,Choudhary,Female,Indian
Bennett,Kelly,Male,US
Zoe,Murphy,Female,US
Martin,Leclerc,Male,French
Jeanne,Picard,Female,French
Sebastian,Wells,Male,British
Violet,Bishop,Female,British
Angel,Gutierrez,Male,Latino
Paloma,Figueroa,Female,Latino
Punit,Goyal,Male,Indian
Deepika,Solanki,Female,Indian
Chase,Rivera,Male,US
Maya,Griffin,Female,US
Remi,Dupont,Male,French
Flavie,Lemoine,Female,French
Blake,Douglas,Male,British
Summer,Henderson,Female,British
Santiago,Medina,Male,Latino
Valentina,Rios,Female,Latino
Rohit,Nanda,Male,Indian
Saniya,Khanna,Female,Indian
Owen,Webb,Male,US
Natalie,Washington,Female,US
Arthur,Rossi,Male,French
Clarisse,Bonnet,Female,French
Kai,Stone,Male,British
Iris,Palmer,Female,British
Julian,Guerrero,Male,Latino
Estefania,Navarro,Female,Latino
Arpit,Khandelwal,Male,Indian
Nidhi,Pandya,Female,Indian
Preston,Ford,Male,US
Taylor,Bell,Female,US
Evan,Lambert,Male,French
Celia,Fabre,Female,French
Jaxon,Hunter,Male,British
Sienna,Webb,Female,British
Cesar,Herrera,Male,Latino
Camila,Escobar,Female,Latino
Vipul,Rastogi,Male,Indian
Prisha,Desai,Female,Indian
Marcus,Stewart,Male,US
Chloe,Torres,Female,US
Jules,Muller,Male,French
Diane,Perrot,Female,French
Cameron,Knight,Male,British
Layla,Black,Female,British
Adriel,Moreno,Male,Latino
Yaretzi,Castillo,Female,Latino
Akash,Joshi,Male,Indian
Kavita,Mehta,Female,Indian
Jeremiah,Price,Male,US
Gabrielle,Ward,Female,US
Tiago,Vincent,Male,French
Alice,Caron,Female,French
Adam,Cross,Male,British
Eliza,Holland,Female,British
Bruno,Silva,Male,Latino
Alejandra,Paz,Female,Latino
Ajay,Sharma,Male,Indian
Ritu,Bajaj,Female,Indian
Jonah,Bryant,Male,US
Makenzie,Gray,Female,US
Diego,Moreau,Male,French
Camille,Rey,Female,French
Bobby,Austin,Male,British
Maisie,Francis,Female,British
Isaias,Castro,Male,Latino
Constanza,Morales,Female,Latino
Mayank,Tomar,Male,Indian
Bhavya,Amin,Female,Indian
Kingston,Ellis,Male,US
Jenna,Roberts,Female,US
Timothe,Giraud,Male,French
Maeva,Clement,Female,French
Stanley,Gordon,Male,British
Harriet,Butler,Female,British
Emanuel,Ramirez,Male,Latino
Esperanza,Ayala,Female,Latino
Shantanu,Bhalla,Male,Indian
Nikita,Dewan,Female,Indian
Declan,Washington,Male,US
Payton,Griffin,Female,US
Malo,Perrin,Male,French
Mila,Lecomte,Female,French
Callum,Simpson,Male,British
Amelie,Clarke,Female,British
Enrique,Delgado,Male,Latino
Rocio,Sandoval,Female,Latino
Vivek,Sethi,Male,Indian
Anushka,Ahluwalia,Female,Indian
Ashton,Coleman,Male,US
Destiny,Patterson,Female,US
Noah,Guillaume,Male,French
Lise,Faure,Female,French
Reuben,Stone,Male,British
Martha,Webb,Female,British
Gonzalo,Ruiz,Male,Latino
Violeta,Carrillo,Female,Latino
Anuj,Chadha,Male,Indian
Shipra,Kapoor,Female,Indian
Jace,Simmons,Male,US
Skylar,Reed,Female,US
Corentin,Leconte,Male,French
Margaux,Vidal,Female,French
Harley,Stone,Male,British
Poppy,Mills,Female,British
Pablo,Montoya,Male,Latino
Angelica,Ortiz,Female,Latino
Akshat,Arya,Male,Indian
Shivangi,Ghai,Female,Indian
Greyson,Holmes,Male,US
Ariana,Wallace,Female,US
Corentin,Gonzalez,Male,French
Manon,Blanchard,Female,French
Heath,Wheeler,Male,British
Luna,Holmes,Female,British
Andres,Salinas,Male,Latino
Zoe,Pe√±a,Female,Latino
Divyanshu,Bahl,Male,Indian
Kavya,Malhotra,Female,Indian
Tucker,Stone,Male,US
Lauren,Fox,Female,US
Tom,Robin,Male,French
Lyna,Deschamps,Female,French
Elliot,Gardner,Male,British
Francesca,Fox,Female,British
Joel,Rivera,Male,Latino
Emilia,Vega,Female,Latino
Chirag,Surana,Male,Indian
Radhika,Kapoor,Female,Indian
Kameron,Ford,Male,US
Alyssa,Bryant,Female,US
Loris,Voisin,Male,French
Lena,Boucher,Female,French
Jamie,Gardner,Male,British
Penelope,Palmer,Female,British
Adrian,Gutierrez,Male,Latino
Maribel,Herrera,Female,Latino
Kshitij,Khanna,Male,Indian
Aadhya,Bhat,Female,Indian
Bryce,Reed,Male,US
Allison,Howard,Female,US
Elouan,Morin,Male,French
Leonie,Gerard,Female,French
Dexter,Palmer,Male,British
Esther,Fuller,Female,British
Gael,Morales,Male,Latino
Lluvia,Sandoval,Female,Latino
Shaurya,Garg,Male,Indian
Khushi,Goel,Female,Indian
Zion,Hughes,Male,US
Gianna,Ward,Female,US
Loan,Lemaire,Male,French
Lila,Roussel,Female,French
Tobias,Woods,Male,British
Melody,Palmer,Female,British
Maximiliano,Silva,Male,Latino
Salma,Guerrero,Female,Latino
Pratyush,Dhawan,Male,Indian
Kiara,Shah,Female,Indian
Myles,Stone,Male,US
Sarah,Cooper,Female,US
Valentin,Garcia,Male,French
Mya,Robert,Female,French
Ronnie,Butler,Male,British
Nancy,Gibson,Female,British
Sebastian,Herrera,Male,Latino
Ariadna,Lozano,Female,Latino
Rishabh,Kohli,Male,Indian
Pari,Garg,Female,Indian
Sawyer,Perry,Male,US
Jocelyn,Reed,Female,US
Simon,Chevalier,Male,French
Lise,Fabre,Female,French
Lucas,Palmer,Male,British
Sophia,Hunter,Female,British
Isaac,Rivera,Male,Latino
Dulce,Hernandez,Female,Latino
Tushar,Jain,Male,Indian
Arya,Kashyap,Female,Indian
Finn,Stone,Male,US
Layla,Griffin,Female,US